{"model-0 train loss": {"_type": "histogram", "values": [1, 2, 5, 2, 7, 17, 34, 64, 175, 358, 851, 2026, 4944, 15009, 53045, 26778, 9870, 3796, 1641, 757, 333, 143, 70, 40, 16, 8, 3, 2, 0, 0, 1, 2], "bins": [0.6361835300922394, 0.6400375317782163, 0.6438915334641934, 0.6477455351501703, 0.6515995368361474, 0.6554535385221243, 0.6593075402081012, 0.6631615418940783, 0.6670155435800552, 0.6708695452660323, 0.6747235469520092, 0.6785775486379861, 0.6824315503239632, 0.6862855520099401, 0.6901395536959172, 0.6939935553818941, 0.697847557067871, 0.7017015587538481, 0.705555560439825, 0.7094095621258021, 0.713263563811779, 0.717117565497756, 0.720971567183733, 0.72482556886971, 0.728679570555687, 0.7325335722416639, 0.7363875739276409, 0.7402415756136179, 0.7440955772995949, 0.7479495789855719, 0.7518035806715488, 0.7556575823575259, 0.7595115840435028]}, "epoch": {"_type": "histogram", "values": [3750, 3750, 3750, 3750, 3750, 3750, 3750, 3750, 3750, 3750, 3750, 3750, 3750, 3750, 3750, 3750, 3750, 3750, 3750, 3750, 3750, 3750, 3750, 3750, 3750, 3750, 3750, 3750, 3750, 3750, 3750, 3750], "bins": [0.0, 0.31249739583333336, 0.6249947916666667, 0.9374921875000001, 1.2499895833333334, 1.5624869791666667, 1.8749843750000001, 2.1874817708333336, 2.499979166666667, 2.8124765625, 3.1249739583333334, 3.437471354166667, 3.7499687500000003, 4.0624661458333335, 4.374963541666667, 4.6874609375, 4.999958333333334, 5.312455729166667, 5.624953125, 5.937450520833334, 6.249947916666667, 6.5624453125, 6.874942708333334, 7.187440104166667, 7.499937500000001, 7.812434895833334, 8.124932291666667, 8.4374296875, 8.749927083333334, 9.062424479166667, 9.374921875, 9.687419270833335, 9.999916666666667]}, "_timestamp": 1699859540.3894248, "_runtime": 2164.2793107032776, "_step": 4, "model-1 train loss": {"_type": "histogram", "values": [15, 92, 319, 962, 1979, 3267, 4704, 6680, 9562, 15608, 46090, 23773, 4109, 1428, 662, 305, 187, 89, 51, 29, 30, 17, 8, 9, 7, 9, 4, 2, 0, 0, 1, 2], "bins": [0.08561325701884925, 0.14097796918103994, 0.19634268134323066, 0.2517073935054214, 0.30707210566761206, 0.36243681782980275, 0.4178015299919935, 0.4731662421541842, 0.5285309543163749, 0.5838956664785655, 0.6392603786407562, 0.694625090802947, 0.7499898029651377, 0.8053545151273284, 0.8607192272895191, 0.9160839394517097, 0.9714486516139005, 1.0268133637760912, 1.0821780759382817, 1.1375427881004725, 1.1929075002626632, 1.248272212424854, 1.3036369245870447, 1.3590016367492355, 1.4143663489114262, 1.4697310610736167, 1.5250957732358075, 1.5804604853979982, 1.635825197560189, 1.6911899097223797, 1.7465546218845702, 1.801919334046761, 1.8572840462089517]}, "model-2 train loss": {"_type": "histogram", "values": [56560, 26504, 16795, 9836, 5285, 2495, 1244, 598, 318, 169, 71, 45, 23, 21, 7, 7, 5, 2, 4, 1, 1, 3, 2, 0, 1, 0, 0, 2, 0, 0, 0, 1], "bins": [0.0001575505377616082, 0.11225633274882423, 0.22435511495988686, 0.3364538971709495, 0.4485526793820121, 0.5606514615930747, 0.6727502438041373, 0.7848490260151999, 0.8969478082262625, 1.0090465904373251, 1.1211453726483878, 1.2332441548594504, 1.345342937070513, 1.4574417192815756, 1.5695405014926382, 1.6816392837037009, 1.7937380659147635, 1.905836848125826, 2.017935630336889, 2.1300344125479516, 2.242133194759014, 2.354231976970077, 2.4663307591811394, 2.578429541392202, 2.6905283236032647, 2.8026271058143273, 2.91472588802539, 3.0268246702364525, 3.138923452447515, 3.2510222346585778, 3.3631210168696404, 3.475219799080703, 3.5873185812917656]}, "model-3 train loss": {"_type": "histogram", "values": [69340, 20097, 11171, 6886, 4449, 2959, 1882, 1190, 772, 478, 291, 168, 126, 78, 40, 32, 14, 6, 13, 3, 1, 1, 0, 1, 1, 0, 0, 0, 0, 0, 0, 1], "bins": [2.143295821994684e-05, 0.06819198084401122, 0.13636252872980248, 0.20453307661559375, 0.272703624501385, 0.34087417238717627, 0.40904472027296757, 0.47721526815875887, 0.5453858160445502, 0.6135563639303414, 0.6817269118161327, 0.749897459701924, 0.8180680075877153, 0.8862385554735065, 0.9544091033592979, 1.022579651245089, 1.0907501991308803, 1.1589207470166716, 1.2270912949024628, 1.295261842788254, 1.3634323906740453, 1.4316029385598368, 1.499773486445628, 1.5679440343314193, 1.6361145822172105, 1.7042851301030018, 1.772455677988793, 1.8406262258745842, 1.9087967737603757, 1.976967321646167, 2.045137869531958, 2.113308417417749, 2.1814789653035405]}, "model-4 train loss": {"_type": "histogram", "values": [83200, 20883, 9151, 3965, 1606, 770, 241, 108, 43, 14, 9, 4, 3, 0, 1, 0, 0, 0, 1, 0, 0, 0, 0, 0, 0, 0, 0, 0, 0, 0, 0, 1], "bins": [7.474273648711005e-06, 0.1316425571639219, 0.2632776400541951, 0.3949127229444683, 0.5265478058347414, 0.6581828887250145, 0.7898179716152878, 0.9214530545055609, 1.053088137395834, 1.1847232202861073, 1.3163583031763804, 1.4479933860666536, 1.5796284689569269, 1.7112635518472, 1.8428986347374732, 1.9745337176277462, 2.1061688005180197, 2.2378038834082927, 2.369438966298566, 2.5010740491888392, 2.6327091320791123, 2.7643442149693858, 2.895979297859659, 3.027614380749932, 3.1592494636402053, 3.2908845465304783, 3.4225196294207514, 3.5541547123110244, 3.685789795201298, 3.817424878091571, 3.949059960981844, 4.080695043872117, 4.2123301267623905]}, "_wandb": {"runtime": 2164}}